Cus_ID,Cus_Name,Gender,Age,Sex,Email
C0001,Ahmed Kamal,Male,32.0,Male,AKamal@email.com
C0002,Lama Ashraf,Female,,Female,LAshraf@email.com
C0003,Wael Hani,Male,45.0,Male,Wael@hotmail.com
C0004,Dina Hani,Female,,Female,DinaHani@outlook.com
C0005,Mahmoud Reda,Male,22.0,Male,Mahmoud@hotmail.com
C0006,Hind Nabil,Female,28.0,Female,Hind@hotmail.com
C0007,Marwan Kamal,Male,47.0,Male,MKamal@email.com
C0008,Farah Mohamed,Female,43.0,Female,FMohamed@email.com
C0009,Asma Nabil,Female,34.0,Female,ANabil@email.com
C0010,Rania Ahmed,Female,23.0,Female,Rania_Ahmed@yahoo.com
C0011,Heba Ashraf,Female,51.0,Female,Heba.Ashraf@gmail.com
C0012,Wael Nabil,Male,36.0,Male,Wael@hotmail.com
C0013,Joud Hussein,Female,50.0,Female,Joud_Hussein@yahoo.com
C0014,Yasmin Mahmoud,Female,,Female,Yasmin@hotmail.com
C0015,Nisreen Mahmoud,Female,66.0,Female,NisreenMahmoud@outlook.com
C0016,Hassan Ayman,Male,64.0,Male,HassanAyman@outlook.com
C0017,Omar Omar,M,39.0,M,OOmar@email.com
C0018,Ghada Mohamed,Female,22.0,Female,GhadaMohamed@outlook.com
C0019,Fadi Omar,Male,69.0,Male,FadiOmar@outlook.com
C0020,Joud Nabil,Female,43.0,Female,Joud.Nabil@gmail.com
C0021,Dina Tarek,Female,22.0,Female,DTarek@email.com
C0022,Aya Ayman,Female,33.0,Female,Aya_Ayman@yahoo.com
C0023,Heba Khalid,Female,68.0,Female,HKhalid@email.com
C0024,Fatima Reda,Female,21.0,Female,FReda@email.com
C0025,Lama Elmasry,Female,22.0,Female,Lama_Elmasry@yahoo.com
C0026,Mohamed Ashraf,Male,60.0,Male,Mohamed@hotmail.com
C0027,Leila Nabil,Female,38.0,Female,Leila.Nabil@gmail.com
C0028,Hala Elsayed,Female,40.0,Female,Hala@hotmail.com
C0029,Batoul Nabil,Female,60.0,Female,Batoul.Nabil@gmail.com
C0030,Samar Ahmed,Female,56.0,Female,Samar@hotmail.com
C0031,Joud Mamdouh,F,20.0,F,Joud@hotmail.com
C0032,Omar Elmasry,Male,62.0,Male,Omar@hotmail.com
C0033,Ghada Ayman,Female,73.0,Female,Ghada_Ayman@yahoo.com
C0034,Rami Kamal,Male,33.0,Male,Rami_Kamal@yahoo.com
C0035,Asma Mamdouh,Female,73.0,Female,Asma_Mamdouh@yahoo.com
C0036,Amir Youssef,Male,47.0,Male,Amir_Youssef@yahoo.com
C0037,Aya Emad,Female,59.0,Female,AEmad@email.com
C0038,Rasha Khalid,Female,,Female,Rasha@hotmail.com
C0039,Hassan Khalid,Male,,Male,HKhalid@email.com
C0040,Mona Elmasry,Female,39.0,Female,Mona.Elmasry@gmail.com
C0041,Heba Adel,Female,26.0,Female,HebaAdel@outlook.com
C0042,Samar Essam,Female,,Female,SEssam@email.com
C0043,Bassel Mahmoud,Male,68.0,Male,Bassel@hotmail.com
C0044,Wael Omar,Male,32.0,Male,Wael.Omar@gmail.com
C0045,Mona Wael,Female,30.0,Female,MonaWael@outlook.com
C0045,Mona Wael,Female,30.0,Female,MonaWael@outlook.com
C0046,Wael Wael,Male,45.0,Male,WWael@email.com
C0047,Mariam Hani,Female,51.0,Female,MariamHani@outlook.com
C0048,Marwan Tarek,Male,65.0,Male,Marwan_Tarek@yahoo.com
C0049,Rania Khalid,Female,63.0,Female,Rania@hotmail.com
C0050,Mariam Adel,Female,44.0,Female,MariamAdel@outlook.com
C0051,Tamer Ali,Male,66.0,Male,Tamer@hotmail.com
C0052,Marwan Kamal,Male,69.0,Male,Marwan_Kamal@yahoo.com
C0053,Adel Fathy,Male,71.0,Male,AFathy@email.com
C0054,Youssef Nabil,Male,73.0,Male,YoussefNabil@outlook.com
C0055,Adam Emad,Male,44.0,Male,Adam.Emad@gmail.com
C0056,Aya Emad,Female,20.0,Female,Aya_Emad@yahoo.com
C0057,Nour Reda,Female,47.0,Female,Nour_Reda@yahoo.com
C0058,Karim Hussein,Male,19.0,Male,KarimHussein@outlook.com
C0059,Hussein Omar,Male,67.0,Male,Hussein.Omar@gmail.com
C0060,Bilal Gamal,Male,59.0,Male,BilalGamal@outlook.com
C0061,Tamer Ahmed,Male,64.0,Male,TAhmed@email.com
C0062,Nisreen Reda,Female,72.0,Female,Nisreen@hotmail.com
C0063,Walid Abdelrahman,Male,,Male,Walid_Abdelrahman@yahoo.com
C0064,Ibrahim Khalid,Male,51.0,Male,IbrahimKhalid@outlook.com
C0065,Fadi Tarek,Male,23.0,Male,Fadi_Tarek@yahoo.com
C0066,Nasser Kamal,Male,40.0,Male,Nasser@hotmail.com
C0067,Wael Adel,Male,31.0,Male,WAdel@email.com
C0068,Hala Hussein,Female,29.0,Female,Hala_Hussein@yahoo.com
C0069,Ali Nabil,Male,49.0,Male,
C0070,Yasmin Said,Female,34.0,Female,Yasmin.Said@gmail.com
C0071,Mariam Hani,Female,37.0,Female,MHani@email.com
C0072,Lama Fathy,Female,46.0,Female,LamaFathy@outlook.com
C0073,Wael Youssef,Male,34.0,Male,Wael_Youssef@yahoo.com
C0074,Fadi Hussein,Male,,Male,FadiHussein@outlook.com
C0075,Ziad Samir,Male,30.0,Male,Ziad_Samir@yahoo.com
C0076,Salma Ashraf,Female,54.0,Female,SalmaAshraf@outlook.com
C0077,Fadi Tarek,Male,20.0,Male,FTarek@email.com
C0078,Ziad Reda,Male,66.0,Male,Ziad.Reda@gmail.com
C0079,Dina Said,Female,45.0,Female,Dina.Said@gmail.com
C0080,Lina Abdelrahman,Female,49.0,Female,LAbdelrahman@email.com
C0081,Hadeel Fathy,Female,70.0,Female,HFathy@email.com
C0082,Fadi Nabil,Male,21.0,Male,Fadi@hotmail.com
C0083,Rami Hani,Male,28.0,Male,
C0084,Farah Ayman,Female,25.0,Female,Farah@hotmail.com
C0085,Amir Tarek,Male,42.0,Male,Amir_Tarek@yahoo.com
C0086,Asma Hani,F,70.0,F,AHani@email.com
C0087,Reem Gamal,Female,66.0,Female,Reem@hotmail.com
C0088,Maha Emad,Female,38.0,Female,MahaEmad@outlook.com
C0089,Fadi Mohamed,Male,55.0,Male,FadiMohamed@outlook.com
C0089,Fadi Mohamed,Male,55.0,Male,FadiMohamed@outlook.com
C0090,Maha Nabil,Female,22.0,Female,Maha@hotmail.com
C0091,Leila Magdy,Female,38.0,Female,LeilaMagdy@outlook.com
C0092,Hamza Hussein,Male,65.0,Male,Hamza.Hussein@gmail.com
C0093,Batoul Mohamed,Female,41.0,Female,BatoulMohamed@outlook.com
C0094,Maha Fathy,Female,33.0,Female,Maha_Fathy@yahoo.com
C0095,Batoul Tarek,Female,61.0,Female,Batoul@hotmail.com
C0096,Samir Magdy,Male,42.0,Male,SamirMagdy@outlook.com
C0097,Farah Samir,Female,18.0,Female,Farah.Samir@gmail.com
C0098,Wael Hani,Male,69.0,Male,WHani@email.com
C0099,Ali Nabil,Male,58.0,Male,AliNabil@outlook.com
C0100,Tarek Kamal,Male,30.0,Male,Tarek@hotmail.com
C0101,Farah Mahmoud,Female,36.0,Female,Farah.Mahmoud@gmail.com
C0102,Leila Kamal,Female,43.0,Female,Leila@hotmail.com
C0103,Nada Samir,Female,34.0,Female,Nada@hotmail.com
C0104,Marwan Abdelrahman,Male,32.0,Male,MarwanAbdelrahman@outlook.com
C0105,Fatima Hussein,Female,25.0,Female,Fatima_Hussein@yahoo.com
C0106,Marwan Mamdouh,Male,64.0,Male,Marwan.Mamdouh@gmail.com
C0107,Samira Gamal,Female,46.0,Female,Samira.Gamal@gmail.com
C0108,Mohamed Fathy,Male,25.0,Male,Mohamed.Fathy@gmail.com
C0109,Batoul Abdelrahman,Female,26.0,Female,BAbdelrahman@email.com
C0110,Mariam Hani,Female,18.0,Female,Mariam_Hani@yahoo.com
C0111,Ali Ali,Male,68.0,Male,Ali_Ali@yahoo.com
C0112,Aya Mahmoud,Female,41.0,Female,AMahmoud@email.com
C0113,Bilal Elsayed,Male,59.0,Male,BilalElsayed@outlook.com
C0114,Samir Elmasry,Male,38.0,Male,Samir@hotmail.com
C0115,Iman Elsayed,Female,50.0,Female,Iman.Elsayed@gmail.com
C0116,Hassan Mamdouh,Male,32.0,Male,HassanMamdouh@outlook.com
C0117,Mahmoud Ahmed,Male,48.0,Male,Mahmoud.Ahmed@gmail.com
C0118,Fatima Reda,Female,53.0,Female,Fatima@hotmail.com
C0119,Mohamed Hussein,Male,40.0,Male,Mohamed_Hussein@yahoo.com
C0120,Mahmoud Hassan,Male,54.0,Male,MHassan@email.com
C0121,Ahmed Ashraf,Male,71.0,Male,
C0122,Hamza Abdelrahman,Male,29.0,Male,HamzaAbdelrahman@outlook.com
C0123,Lama Youssef,Female,47.0,Female,Lama@hotmail.com
C0124,Lina Emad,Female,61.0,Female,LinaEmad@outlook.com
C0125,Omar Gamal,Male,36.0,Male,OGamal@email.com
C0126,Ahmed Youssef,Male,31.0,Male,AhmedAThotmail.com
C0127,Heba Shawky,Female,50.0,Female,Heba@hotmail.com
C0128,Asma Elmasry,Female,54.0,Female,AsmaElmasry@outlook.com
C0129,Iman Tarek,Female,41.0,Female,Iman_Tarek@yahoo.com
C0130,Nizar Abdelrahman,Male,67.0,Male,Nizar.Abdelrahman@gmail.com
C0131,Farah Nabil,Female,33.0,Female,Farah_Nabil@yahoo.com
C0132,Hadeel Nabil,Female,66.0,Female,HNabil@email.com
C0133,Tarek Ahmed,Male,48.0,Male,Tarek@hotmail.com
C0134,Fatima Mohamed,Female,36.0,Female,Fatima.Mohamed@gmail.com
C0135,Adel Kamal,Male,46.0,Male,Adel_Kamal@yahoo.com
C0136,Nour Hani,Female,39.0,Female,Nour_Hani@yahoo.com
C0137,Rami Said,Male,36.0,Male,RSaid@email.com
C0138,Samar Samir,Female,34.0,Female,SSamir@email.com
C0139,Nada Hussein,Female,62.0,Female,Nada.Hussein@gmail.com
C0140,Bilal Adel,Male,65.0,Male,Bilal.Adel@gmail.com
C0141,Lina Youssef,Female,67.0,Female,Lina_Youssef@yahoo.com
C0142,Marwan Essam,Male,51.0,Male,MEssam@email.com
C0143,Wael Ashraf,Male,28.0,Male,
C0144,Samir Ashraf,Male,65.0,Male,Samir_Ashraf@yahoo.com
C0145,Mahmoud Samir,Male,46.0,Male,MahmoudSamir@outlook.com
C0146,Iman Ahmed,Female,21.0,Female,IAhmed@email.com
C0147,Aya Emad,Female,46.0,Female,AyaEmad@outlook.com
C0148,Hamza Ali,Male,43.0,Male,Hamza.Ali@gmail.com
C0149,Hussein Abdelrahman,Male,26.0,Male,HusseinAbdelrahman@outlook.com
C0150,Sara Wael,Female,34.0,Female,SWael@email.com
C0151,Fatima Omar,Female,68.0,Female,FatimaOmarAToutlook.com
C0152,Mariam Hussein,Female,57.0,Female,Mariam_Hussein@yahoo.com
C0153,Lama Shawky,Female,50.0,Female,LamaShawky@outlook.com
C0154,Mahmoud Hani,Male,33.0,Male,MHani@email.com
C0155,Jihad Nabil,Male,67.0,Male,JihadNabil@outlook.com
C0156,Samir Mohamed,Male,20.0,Male,Samir@hotmail.com
C0157,Adam Mohamed,Male,30.0,Male,Adam.Mohamed@gmail.com
C0158,Ghada Fathy,Female,75.0,Female,Ghada_Fathy@yahoo.com
C0159,Adel Elmasry,Male,23.0,Male,Adel_Elmasry@yahoo.com
C0160,Khalid Tarek,Male,45.0,Male,KhalidTarek@outlook.com
C0161,Adam Nabil,Male,21.0,Male,Adam@hotmail.com
C0162,Maha Ashraf,Female,46.0,Female,Maha@hotmail.com
C0163,Hind Gamal,Female,66.0,Female,Hind@hotmail.com
C0164,Nisreen Said,Female,42.0,Female,Nisreen@hotmail.com
C0165,Fadi Youssef,Male,72.0,Male,FadiYoussef@outlook.com
C0166,Bilal Gamal,Male,53.0,Male,Bilal_Gamal@yahoo.com
C0167,Bassel Omar,Male,30.0,Male,BASSELOMAR@OUTLOOK.COM
C0168,Batoul Shawky,Female,74.0,Female,BatoulShawky@outlook.com
C0169,Yasmin Nabil,Female,47.0,Female,YNabil@email.com
C0170,Asma Magdy,Female,25.0,Female,Asma_Magdy@yahoo.com
C0171,Ibrahim Hussein,Male,34.0,Male,Ibrahim@hotmail.com
C0172,Karim Reda,Male,27.0,Male,KReda@email.com
C0173,Youssef Mohamed,Male,67.0,Male,YMohamed@email.com
C0174,Khalid Nabil,Male,48.0,Male,KhalidNabil@outlook.com
C0175,Reem Tarek,Female,56.0,Female,Reem@hotmail.com
C0176,Nada Elsayed,Female,38.0,Female,NadaElsayed@outlook.com
C0177,Iman Mamdouh,Female,73.0,Female,IMamdouh@email.com
C0178,Samir Mahmoud,M,49.0,M,SMahmoud@email.com
C0179,Salma Mahmoud,Female,71.0,Female,SMAHMOUD@EMAIL.COM
C0180,Dina Kamal,Female,43.0,Female,DKamal@email.com
C0181,Hind Emad,Female,70.0,Female,Hind.Emad@gmail.com
C0182,Marwan Gamal,Male,30.0,Male,Marwan.Gamal@gmail.com
C0183,Hind Ahmed,Female,50.0,Female,Hind@hotmail.com
C0184,Yasmin Elsayed,Female,52.0,Female,YasminElsayed@outlook.com
C0185,Ziad Hussein,Male,64.0,Male,ZHussein@email.com
C0186,Ziad Omar,Male,55.0,Male,ZOmar@email.com
C0187,Rasha Adel,Female,19.0,Female,RashaAdel@outlook.com
C0188,Samer Magdy,Male,21.0,Male,SMagdy@email.com
C0189,Lina Tarek,Female,39.0,Female,Lina@hotmail.com
C0190,Amir Hussein,Male,63.0,Male,Amir@hotmail.com
C0191,Khalid Hassan,Male,52.0,Male,Khalid@hotmail.com
C0192,Samira Elmasry,Female,46.0,Female,Samira_Elmasry@yahoo.com
C0193,Ali Hassan,Male,55.0,Male,AHassan@email.com
C0194,Reem Hassan,F,26.0,F,Reem_Hassan@yahoo.com
C0195,Hala Emad,Female,38.0,Female,Hala.Emad@gmail.com
C0196,Mohamed Ayman,Male,44.0,Male,Mohamed.Ayman@gmail.com
C0197,Samer Ayman,M,20.0,M,Samer.Ayman@gmail.com
C0198,Bassel Mahmoud,Male,26.0,Male,Bassel_Mahmoud@yahoo.com
C0199,Tamer Said,Male,,Male,Tamer_Said@yahoo.com
C0200,Bassel Abdelrahman,Male,60.0,Male,BasselAbdelrahman@outlook.com
C0201,Hadeel Khalid,Female,37.0,Female,Hadeel@hotmail.com
C0202,Salma Said,Female,50.0,Female,Salma@hotmail.com
C0203,Rania Omar,Female,48.0,Female,ROmar@email.com
C0204,Adel Samir,Male,66.0,Male,Adel.Samir@gmail.com
C0205,Omar Mohamed,Male,75.0,Male,Omar_Mohamed@yahoo.com
C0206,Tamer Reda,Male,75.0,Male,TamerReda@outlook.com
C0207,Bilal Hani,Male,19.0,Male,Bilal_Hani@yahoo.com
C0208,Fatima Ayman,Female,48.0,Female,Fatima_Ayman@yahoo.com
C0209,Ghada Fathy,Female,42.0,Female,GFathy@email.com
C0210,Walid Elsayed,Male,32.0,Male,Walid@hotmail.com
C0211,Rania Omar,Female,27.0,Female,Rania.Omar@gmail.com
C0212,Ibrahim Ali,Male,22.0,Male,
C0213,Mohamed Omar,Male,43.0,Male,Mohamed.Omar@gmail.com
C0214,Ziad Abdelrahman,Male,67.0,Male,Ziad@hotmail.com
C0215,Dina Mohamed,Female,55.0,Female,DinaMohamed@outlook.com
C0216,Walid Hani,Male,62.0,Male,WalidHani@outlook.com
C0217,Maha Adel,Female,47.0,Female,MahaAdel@outlook.com
C0218,Joud Elmasry,Female,72.0,Female,Joud_Elmasry@yahoo.com
C0219,Aya Youssef,Female,55.0,Female,AyaYoussef@outlook.com
C0220,Hassan Ayman,Male,65.0,Male,HassanAyman@outlook.com
C0221,Rania Shawky,Female,36.0,Female,Rania@hotmail.com
C0222,Batoul Kamal,Female,71.0,Female,Batoul@hotmail.com
C0223,Dina Shawky,Female,55.0,Female,Dina_Shawky@yahoo.com
C0224,Joud Samir,Female,66.0,Female,JoudSamir@outlook.com
C0225,Samar Mahmoud,Female,74.0,Female,Samar.Mahmoud@gmail.com
INVALID,Mohamed Emad,Male,,Male,Mohamed.EmadATgmail.com
C0227,Iman Nabil,Female,57.0,Female,IMAN.NABIL@GMAIL.COM
C0228,Lama Kamal,F,36.0,F,LamaKamal@outlook.com
C0229,Mariam Omar,Female,51.0,Female,MariamOmar@outlook.com
C0230,Samira Omar,Female,70.0,Female,Samira.Omar@gmail.com
C0231,Sara Adel,Female,49.0,Female,Sara@hotmail.com
C0232,Mohamed Omar,Male,73.0,Male,Mohamed@hotmail.com
C0233,Ziad Samir,Male,,Male,Ziad_Samir@yahoo.com
C0234,Aya Hussein,Female,33.0,Female,AHussein@email.com
C0235,Nizar Elmasry,Male,40.0,Male,Nizar.Elmasry@gmail.com
C0236,Hadeel Abdelrahman,Female,,Female,HadeelAbdelrahman@outlook.com
C0237,Rasha Samir,Female,67.0,Female,Rasha.Samir@gmail.com
C0238,Nizar Fathy,Male,24.0,Male,NizarFathy@outlook.com
C0239,Hind Shawky,Female,44.0,Female,HShawky@email.com
C0240,Salma Mamdouh,Female,23.0,Female,Salma_Mamdouh@yahoo.com
C0241,Salma Khalid,Female,22.0,Female,Salma@hotmail.com
C0242,Joud Mahmoud,Female,30.0,Female,Joud.Mahmoud@gmail.com
C0243,Tarek Tarek,Male,70.0,Male,TTarek@email.com
C0244,Yasmin Said,Female,38.0,Female,YasminSaid@outlook.com
C0245,Batoul Fathy,Female,54.0,Female,Batoul_Fathy@yahoo.com
INVALID,Samira Youssef,Female,36.0,Female,SamiraYoussef@outlook.com
C0247,Mariam Adel,Female,42.0,Female,MariamAdel@outlook.com
C0248,Nasser Shawky,Male,,Male,NShawky@email.com
C0249,Leila Gamal,Female,57.0,Female,LeilaGamal@outlook.com
C0250,Nour Khalid,Female,65.0,Female,NKhalid@email.com
C0251,Tamer Elsayed,Male,19.0,Male,Tamer.Elsayed@gmail.com
C0252,Hind Hani,Female,48.0,Female,HindHani@outlook.com
C0253,Maha Abdelrahman,Female,61.0,Female,Maha_Abdelrahman@yahoo.com
C0254,Hind Omar,Female,58.0,Female,HindOmar@outlook.com
C0255,Mona Fathy,Female,,Female,Mona.Fathy@gmail.com
C0256,Hala Tarek,Female,60.0,Female,Hala@hotmail.com
C0257,Maha Tarek,Female,70.0,Female,MTarek@email.com
C0258,Nour Said,Female,27.0,Female,Nour_Said@yahoo.com
C0259,Hamza Nabil,Male,29.0,Male,Hamza_Nabil@yahoo.com
C0260,Ahmed Mahmoud,Male,70.0,Male,AhmedMahmoud@outlook.com
C0261,Lina Elmasry,Female,68.0,Female,Lina@hotmail.com
C0262,Wael Emad,Male,50.0,Male,WEmad@email.com
C0263,Nisreen Tarek,Female,45.0,Female,Nisreen_Tarek@yahoo.com
C0264,Farah Elmasry,Female,25.0,Female,FElmasry@email.com
C0265,Iman Ahmed,Female,70.0,Female,Iman@hotmail.com
C0266,Khalid Hussein,Male,72.0,Male,Khalid.Hussein@gmail.com
C0267,Dina Magdy,Female,62.0,Female,Dina@hotmail.com
C0268,Rasha Nabil,Female,44.0,Female,Rasha.Nabil@gmail.com
C0269,Samir Mahmoud,Male,18.0,Male,Samir.Mahmoud@gmail.com
C0270,Aya Hani,Female,31.0,Female,AyaHani@outlook.com
C0271,Ziad Magdy,Male,39.0,Male,Ziad.Magdy@gmail.com
C0272,Maha Said,Female,18.0,Female,Maha_Said@yahoo.com
C0273,Youssef Nabil,Male,23.0,Male,Youssef_Nabil@yahoo.com
C0274,Nasser Nabil,M,24.0,M,Nasser_Nabil@yahoo.com
C0275,Yasmin Essam,Female,73.0,Female,Yasmin.Essam@gmail.com
C0276,Nada Wael,Female,42.0,Female,Nada_Wael@yahoo.com
C0277,Rami Nabil,Male,40.0,Male,Rami_Nabil@yahoo.com
C0278,Ghada Hassan,Female,25.0,Female,GhadaHassan@outlook.com
C0279,Samar Ashraf,Female,56.0,Female,Samar.Ashraf@gmail.com
C0280,Bassel Youssef,Male,36.0,Male,Bassel_Youssef@yahoo.com
C0281,Bassel Wael,Male,41.0,Male,BWael@email.com
C0282,Hadeel Elmasry,Female,,Female,Hadeel.Elmasry@gmail.com
C0283,Samira Elsayed,Female,45.0,Female,SElsayed@email.com
C0284,Asma Youssef,Female,27.0,Female,Asma.Youssef@gmail.com
C0285,Rania Elmasry,Female,25.0,Female,Rania@hotmail.com
C0286,Mariam Adel,Female,,Female,MAdel@email.com
C0287,Hadeel Magdy,Female,74.0,Female,Hadeel@hotmail.com
C0288,Ziad Nabil,Male,47.0,Male,ZNabil@email.com
INVALID,Bilal Kamal,Male,65.0,Male,
C0290,Reem Gamal,Female,27.0,Female,Reem.Gamal@gmail.com
C0291,Yasmin Omar,Female,64.0,Female,YOmar@email.com
C0292,Batoul Elsayed,Female,43.0,Female,Batoul@hotmail.com
C0293,Nada Youssef,Female,68.0,Female,NadaYoussef@outlook.com
C0294,Nizar Wael,Male,68.0,Male,
C0295,Nada Nabil,F,74.0,F,NadaNabil@outlook.com
C0296,Amir Mamdouh,Male,21.0,Male,Amir@hotmail.com
C0297,Tamer Wael,Male,65.0,Male,Tamer_Wael@yahoo.com
C0298,Leila Ahmed,Female,34.0,Female,LeilaAhmed@outlook.com
C0299,Aya Youssef,Female,67.0,Female,Aya_Youssef@yahoo.com
C0300,Hadeel Youssef,Female,47.0,Female,Hadeel_Youssef@yahoo.com
C0301,Hassan Essam,Male,27.0,Male,Hassan@hotmail.com
C0302,Karim Ali,Male,72.0,Male,Karim_Ali@yahoo.com
C0303,Fatima Essam,Female,32.0,Female,Fatima@hotmail.com
C0304,Hamza Essam,Male,22.0,Male,Hamza_Essam@yahoo.com
C0305,Hind Mohamed,Female,54.0,Female,HINDMOHAMED@OUTLOOK.COM
C0306,Hala Ayman,Female,35.0,Female,HAyman@email.com
C0307,Samar Mahmoud,Female,35.0,Female,SMahmoud@email.com
C0308,Heba Hani,Female,48.0,Female,HHani@email.com
C0309,Rania Ali,Female,67.0,Female,RaniaAli@outlook.com
C0310,Omar Omar,Male,35.0,Male,Omar.Omar@gmail.com
C0311,Walid Gamal,Male,72.0,Male,Walid@hotmail.com
C0312,Samira Gamal,Female,54.0,Female,SamiraGamal@outlook.com
C0313,Iman Omar,Female,,Female,IOmar@email.com
C0314,Samer Magdy,Male,19.0,Male,Samer_Magdy@yahoo.com
C0315,Mahmoud Adel,Male,43.0,Male,Mahmoud@hotmail.com
C0316,Fadi Nabil,Male,63.0,Male,FNabil@email.com
C0317,Salma Kamal,Female,26.0,Female,
C0318,Samer Emad,Male,20.0,Male,SEmad@email.com
C0319,Nisreen Elmasry,Female,38.0,Female,Nisreen.Elmasry@gmail.com
C0320,Sara Khalid,Female,62.0,Female,Sara.Khalid@gmail.com
C0321,Lina Wael,Female,74.0,Female,Lina.Wael@gmail.com
C0322,Amir Said,Male,69.0,Male,Amir@hotmail.com
C0323,Karim Kamal,Male,75.0,Male,KKamal@email.com
C0324,Rami Wael,Male,21.0,Male,Rami_Wael@yahoo.com
C0325,Bilal Hussein,Male,24.0,Male,BilalHussein@outlook.com
C0326,Leila Nabil,Female,30.0,Female,Leila@hotmail.com
C0327,Fadi Mahmoud,Male,34.0,Male,Fadi_Mahmoud@yahoo.com
C0328,Hind Tarek,Female,71.0,Female,Hind.Tarek@gmail.com
C0329,Ziad Omar,Male,71.0,Male,ZOmar@email.com
C0330,Salma Elmasry,Female,72.0,Female,SElmasry@email.com
C0331,Hadeel Tarek,Female,28.0,Female,Hadeel_Tarek@yahoo.com
C0332,Farah Nabil,Female,56.0,Female,Farah.Nabil@gmail.com
C0333,Bassel Tarek,Male,18.0,Male,BTarek@email.com
C0334,Ziad Emad,Male,24.0,Male,Ziad.Emad@gmail.com
C0335,Adam Fathy,Male,54.0,Male,
C0336,Iman Samir,Female,20.0,Female,Iman_Samir@yahoo.com
C0337,Yasmin Essam,Female,37.0,Female,Yasmin.Essam@gmail.com
C0338,Wael Essam,Male,64.0,Male,Wael_Essam@yahoo.com
C0339,Lama Magdy,Female,21.0,Female,Lama@hotmail.com
C0340,Ziad Ali,Male,74.0,Male,Ziad_Ali@yahoo.com
C0341,Nada Essam,Female,43.0,Female,Nada.Essam@gmail.com
C0342,Fadi Reda,Male,40.0,Male,Fadi.Reda@gmail.com
C0343,Hassan Magdy,Male,32.0,Male,HassanMagdy@outlook.com
C0344,Fadi Ayman,Male,29.0,Male,
C0345,Khalid Adel,Male,59.0,Male,Khalid@hotmail.com
C0346,Rami Fathy,Male,18.0,Male,Rami@hotmail.com
C0347,Fadi Elmasry,Male,35.0,Male,Fadi@hotmail.com
C0348,Lama Emad,Female,21.0,Female,LEmad@email.com
C0349,Reem Hussein,Female,44.0,Female,RHussein@email.com
C0350,Amir Samir,Male,68.0,Male,Amir@hotmail.com
C0351,Karim Hussein,Male,26.0,Male,KHussein@email.com
C0352,Aya Omar,Female,65.0,Female,Aya@hotmail.com
C0353,Fatima Magdy,Female,55.0,Female,Fatima_Magdy@yahoo.com
C0354,Fatima Magdy,Female,26.0,Female,FMagdy@email.com
C0355,Karim Emad,Male,39.0,Male,KARIM.EMAD@GMAIL.COM
C0356,Karim Reda,Male,49.0,Male,Karim_Reda@yahoo.com
C0357,Walid Ali,Male,,Male,Walid.Ali@gmail.com
C0358,Sara Nabil,Female,32.0,Female,Sara_Nabil@yahoo.com
C0359,Fatima Hussein,Female,47.0,Female,Fatima@hotmail.com
C0360,Fadi Gamal,Male,28.0,Male,FADIGAMAL@OUTLOOK.COM
C0361,Hassan Kamal,Male,,Male,Hassan.Kamal@gmail.com
C0362,Rami Mohamed,Male,59.0,Male,
C0363,Nour Shawky,Female,62.0,Female,Nour.Shawky@gmail.com
C0364,Iman Adel,Female,71.0,Female,IAdel@email.com
C0365,Hala Emad,Female,51.0,Female,HalaEmad@outlook.com
C0366,Asma Mahmoud,F,18.0,F,Asma.Mahmoud@gmail.com
C0367,Lama Elmasry,Female,24.0,Female,LamaElmasry@outlook.com
C0368,Lina Magdy,Female,,Female,Lina@hotmail.com
C0369,Ahmed Magdy,Male,59.0,Male,AhmedMagdy@outlook.com
C0370,Yasmin Said,Female,43.0,Female,YasminSaid@outlook.com
C0371,Karim Hassan,Male,64.0,Male,Karim_Hassan@yahoo.com
C0372,Samir Said,Male,67.0,Male,
C0373,Ibrahim Ahmed,Male,49.0,Male,Ibrahim.Ahmed@gmail.com
C0373,Ibrahim Ahmed,Male,49.0,Male,Ibrahim.Ahmed@gmail.com
C0374,Bassel Emad,Male,64.0,Male,Bassel@hotmail.com
C0375,Nisreen Omar,Female,60.0,Female,NOmar@email.com
C0375,Nisreen Omar,Female,60.0,Female,NOmar@email.com
C0376,Bassel Magdy,Male,49.0,Male,BasselMagdy@outlook.com
C0377,Marwan Nabil,Male,70.0,Male,MNabil@email.com
C0378,Reem Kamal,Female,24.0,Female,
C0379,Adel Ashraf,Male,58.0,Male,Adel_Ashraf@yahoo.com
C0380,Jihad Omar,Male,39.0,Male,JihadOmar@outlook.com
C0381,Leila Omar,Female,,Female,Leila@hotmail.com
C0382,Fadi Ahmed,Male,65.0,Male,FAhmed@email.com
C0383,Farah Hani,Female,39.0,Female,FHani@email.com
C0384,Bassel Ahmed,Male,18.0,Male,
C0385,Fadi Ayman,Male,29.0,Male,Fadi_Ayman@yahoo.com
C0386,Ghada Fathy,Female,56.0,Female,Ghada@hotmail.com
C0387,Ali Mamdouh,Male,74.0,Male,AMamdouh@email.com
C0388,Hassan Youssef,Male,36.0,Male,Hassan_Youssef@yahoo.com
C0389,Tamer Nabil,Male,25.0,Male,TNabil@email.com
C0390,Jihad Shawky,Male,72.0,Male,
C0391,Fatima Samir,Female,35.0,Female,Fatima@hotmail.com
C0392,Hassan Emad,Male,40.0,Male,HEmad@email.com
C0393,Batoul Hani,Female,36.0,Female,
C0394,Batoul Samir,Female,53.0,Female,Batoul_Samir@yahoo.com
C0395,Hamza Nabil,Male,59.0,Male,HNabil@email.com
C0396,Leila Elmasry,Female,29.0,Female,Leila.Elmasry@gmail.com
C0397,Adam Ali,Male,63.0,Male,
C0398,Wael Ayman,Male,71.0,Male,WAyman@email.com
C0399,Karim Elsayed,Male,50.0,Male,KarimElsayed@outlook.com
C0400,Nada Hussein,Female,66.0,Female,NHussein@email.com
C0400,Nada Hussein,Female,66.0,Female,NHussein@email.com
C0401,Samir Omar,Male,57.0,Male,Samir.Omar@gmail.com
C0402,Walid Khalid,M,36.0,M,Walid@hotmail.com
C0403,Joud Youssef,Female,23.0,Female,JYoussef@email.com
C0404,Hassan Magdy,Male,71.0,Male,HassanMagdy@outlook.com
C0405,Hind Adel,Female,23.0,Female,Hind@hotmail.com
C0406,Heba Tarek,Female,45.0,Female,Heba.Tarek@gmail.com
C0407,Ziad Mohamed,Male,22.0,Male,Ziad@hotmail.com
C0408,Samir Fathy,Male,60.0,Male,Samir_Fathy@yahoo.com
C0409,Hussein Ahmed,Male,74.0,Male,HusseinAThotmail.com
C0410,Fatima Ali,Female,43.0,Female,Fatima@hotmail.com
C0411,Ghada Nabil,Female,27.0,Female,Ghada@hotmail.com
C0412,Samer Emad,Male,53.0,Male,Samer@hotmail.com
C0413,Tarek Gamal,Male,59.0,Male,Tarek.Gamal@gmail.com
C0414,Khalid Adel,Male,54.0,Male,KhalidAdel@outlook.com
C0415,Hussein Mamdouh,Male,41.0,Male,HusseinMamdouh@outlook.com
C0416,Karim Nabil,Male,71.0,Male,KNabil@email.com
C0417,Ibrahim Ali,Male,58.0,Male,IbrahimAli@outlook.com
C0418,Ghada Shawky,Female,67.0,Female,GShawky@email.com
C0419,Walid Gamal,Male,60.0,Male,WGamal@email.com
C0420,Rasha Reda,Female,27.0,Female,Rasha@hotmail.com
C0421,Rania Mohamed,Female,51.0,Female,RaniaMohamed@outlook.com
C0422,Omar Adel,Male,58.0,Male,Omar@hotmail.com
C0423,Rasha Nabil,Female,22.0,Female,Rasha_Nabil@yahoo.com
C0424,Reem Wael,Female,50.0,Female,Reem_Wael@yahoo.com
C0425,Nada Ashraf,Female,25.0,Female,Nada@hotmail.com
C0426,Lina Nabil,Female,19.0,Female,LNabil@email.com
C0427,Mohamed Said,Male,29.0,Male,MSaid@email.com
C0428,Youssef Youssef,Male,48.0,Male,YoussefYoussef@outlook.com
C0429,Leila Elsayed,Female,64.0,Female,LElsayed@email.com
C0430,Hala Elsayed,Female,50.0,Female,HElsayed@email.com
C0431,Batoul Shawky,Female,25.0,Female,BShawkyATemail.com
C0432,Nasser Elsayed,Male,73.0,Male,Nasser_Elsayed@yahoo.com
C0433,Batoul Kamal,Female,71.0,Female,Batoul_Kamal@yahoo.com
C0434,Iman Wael,Female,34.0,Female,Iman.Wael@gmail.com
C0434,Iman Wael,Female,34.0,Female,Iman.Wael@gmail.com
C0435,Tamer Hani,Male,41.0,Male,THani@email.com
C0436,Dina Samir,Female,31.0,Female,DinaSamir@outlook.com
C0437,Ziad Gamal,Male,43.0,Male,Ziad.Gamal@gmail.com
C0438,Hala Elsayed,Female,39.0,Female,Hala.Elsayed@gmail.com
C0438,Hala Elsayed,Female,39.0,Female,Hala.Elsayed@gmail.com
C0439,Mariam Mahmoud,Female,45.0,Female,Mariam@hotmail.com
C0440,Rami Nabil,Male,63.0,Male,Rami_Nabil@yahoo.com
C0441,Adel Elsayed,Male,20.0,Male,Adel_Elsayed@yahoo.com
C0442,Karim Elmasry,Male,67.0,Male,KarimElmasry@outlook.com
C0443,Aya Shawky,Female,71.0,Female,Aya@hotmail.com
C0444,Asma Fathy,Female,34.0,Female,AFathy@email.com
C0445,Adam Wael,Male,68.0,Male,AdamWael@outlook.com
C0446,Samir Samir,Male,55.0,Male,Samir@hotmail.com
C0447,Amir Hani,Male,40.0,Male,
C0448,Aya Fathy,Female,70.0,Female,Aya_Fathy@yahoo.com
C0449,Nisreen Samir,Female,30.0,Female,Nisreen_Samir@yahoo.com
C0450,Iman Gamal,Female,24.0,Female,ImanGamal@outlook.com
C0451,Reem Gamal,Female,49.0,Female,RGamal@email.com
C0452,Adam Fathy,Male,54.0,Male,AdamFathy@outlook.com
C0453,Leila Emad,Female,25.0,Female,LEILA.EMAD@GMAIL.COM
C0454,Tarek Gamal,Male,34.0,Male,Tarek@hotmail.com
C0455,Hala Mamdouh,Female,41.0,Female,HalaMamdouh@outlook.com
C0456,Nour Kamal,Female,33.0,Female,Nour_Kamal@yahoo.com
C0457,Karim Mamdouh,Male,75.0,Male,Karim@hotmail.com
C0458,Walid Hassan,Male,21.0,Male,Walid.Hassan@gmail.com
C0459,Hamza Hani,Male,19.0,Male,HHani@email.com
C0460,Hadeel Hussein,Female,61.0,Female,HadeelHussein@outlook.com
C0461,Ali Magdy,Male,69.0,Male,AMagdy@email.com
C0462,Rania Abdelrahman,Female,36.0,Female,RaniaAbdelrahman@outlook.com
C0463,Rasha Elsayed,Female,44.0,Female,Rasha_Elsayed@yahoo.com
C0464,Youssef Youssef,Male,24.0,Male,YoussefYoussef@outlook.com
C0465,Youssef Hassan,Male,27.0,Male,YoussefHassan@outlook.com
C0466,Ali Elsayed,Male,19.0,Male,Ali@hotmail.com
C0467,Marwan Tarek,Male,62.0,Male,MarwanTarek@outlook.com
C0468,Hussein Shawky,Male,40.0,Male,Hussein.Shawky@gmail.com
C0469,Sara Elsayed,Female,72.0,Female,SELSAYED@EMAIL.COM
C0470,Fadi Hussein,Male,,Male,Fadi_Hussein@yahoo.com
C0471,Nasser Fathy,Male,63.0,Male,NasserFathy@outlook.com
C0472,Adel Ayman,Male,62.0,Male,AAyman@email.com
C0473,Salma Hassan,Female,57.0,Female,SalmaHassanAToutlook.com
C0474,Karim Hassan,Male,26.0,Male,Karim_HassanATyahoo.com
C0475,Batoul Hani,Female,41.0,Female,Batoul@hotmail.com
C0476,Heba Elmasry,Female,29.0,Female,HebaElmasry@outlook.com
C0477,Hadeel Tarek,Female,20.0,Female,Hadeel.Tarek@gmail.com
C0478,Khalid Ayman,Male,58.0,Male,KAyman@email.com
C0479,Ghada Mohamed,Female,31.0,Female,GhadaMohamed@outlook.com
C0480,Batoul Omar,Female,,Female,BatoulOmar@outlook.com
C0481,Reem Elmasry,Female,39.0,Female,Reem.Elmasry@gmail.com
C0482,Ali Mahmoud,Male,53.0,Male,AliMahmoud@outlook.com
C0483,Adam Wael,Male,,Male,AWael@email.com
C0484,Nisreen Tarek,Female,71.0,Female,Nisreen_Tarek@yahoo.com
C0485,Nada Tarek,Female,,Female,Nada_Tarek@yahoo.com
C0486,Tarek Kamal,Male,52.0,Male,TarekKamal@outlook.com
C0487,Yasmin Hassan,Female,60.0,Female,Yasmin_Hassan@yahoo.com
C0488,Fatima Reda,Female,42.0,Female,FReda@email.com
C0489,Asma Ayman,Female,49.0,Female,AsmaAyman@outlook.com
C0490,Nasser Essam,Male,63.0,Male,NEssam@email.com
C0491,Bassel Hassan,Male,32.0,Male,BHassan@email.com
C0492,Marwan Mamdouh,Male,67.0,Male,MarwanMamdouh@outlook.com
C0493,Marwan Fathy,Male,60.0,Male,MarwanFathy@outlook.com
C0494,Samer Gamal,Male,58.0,Male,SGamal@email.com
C0495,Nizar Khalid,Male,46.0,Male,Nizar.Khalid@gmail.com
C0496,Khalid Ali,Male,32.0,Male,Khalid@hotmail.com
C0497,Omar Mohamed,Male,27.0,Male,OMohamed@email.com
C0498,Ziad Ayman,Male,22.0,Male,Ziad_Ayman@yahoo.com
C0499,Omar Ashraf,Male,20.0,Male,Omar.Ashraf@gmail.com
C0500,Nasser Mamdouh,Male,25.0,Male,NMamdouh@email.com
C0501,Lama Mohamed,Female,54.0,Female,Lama_Mohamed@yahoo.com
C0502,Wael Ashraf,Male,23.0,Male,WaelAshraf@outlook.com
C0503,Marwan Fathy,Male,43.0,Male,Marwan_Fathy@yahoo.com
C0504,Rasha Youssef,Female,65.0,Female,Rasha@hotmail.com
C0505,Leila Mamdouh,Female,40.0,Female,Leila.Mamdouh@gmail.com
C0506,Adel Tarek,Male,46.0,Male,Adel_Tarek@yahoo.com
C0507,Nisreen Mohamed,Female,57.0,Female,NISREEN@HOTMAIL.COM
C0508,Hind Mahmoud,Female,,Female,Hind_Mahmoud@yahoo.com
C0509,Ali Adel,Male,19.0,Male,AAdel@email.com
C0510,Rami Khalid,Male,59.0,Male,Rami@hotmail.com
C0511,Salma Magdy,Female,42.0,Female,Salma.Magdy@gmail.com
C0512,Hala Elsayed,Female,53.0,Female,
C0513,Tarek Mahmoud,M,28.0,M,Tarek@hotmail.com
C0514,Adel Mohamed,Male,74.0,Male,Adel.Mohamed@gmail.com
C0515,Heba Samir,Female,64.0,Female,HSamir@email.com
C0516,Nasser Hussein,Male,39.0,Male,Nasser_Hussein@yahoo.com
C0517,Samira Adel,Female,26.0,Female,Samira_Adel@yahoo.com
C0518,Samar Kamal,Female,38.0,Female,Samar.Kamal@gmail.com
C0519,Hind Kamal,Female,75.0,Female,Hind_Kamal@yahoo.com
C0520,Rami Ashraf,Male,54.0,Male,Rami_Ashraf@yahoo.com
C0521,Lama Magdy,Female,63.0,Female,LamaMagdy@outlook.com
C0522,Hadeel Ali,Female,44.0,Female,Hadeel_Ali@yahoo.com
C0523,Samer Ashraf,Male,38.0,Male,SamerAshraf@outlook.com
C0524,Yasmin Fathy,Female,65.0,Female,Yasmin.Fathy@gmail.com
C0525,Rania Elsayed,Female,65.0,Female,Rania.Elsayed@gmail.com
C0526,Khalid Tarek,Male,36.0,Male,KTarek@email.com
C0527,Lama Hassan,Female,55.0,Female,Lama_Hassan@yahoo.com
C0528,Ghada Adel,Female,74.0,Female,Ghada_Adel@yahoo.com
C0529,Nada Elmasry,Female,42.0,Female,NElmasry@email.com
C0530,Hamza Abdelrahman,Male,60.0,Male,Hamza_Abdelrahman@yahoo.com
C0531,Hadeel Tarek,Female,29.0,Female,HADEEL_TAREK@YAHOO.COM
INVALID,Reem Magdy,F,69.0,F,Reem_Magdy@yahoo.com
C0533,Iman Ashraf,Female,,Female,IAshraf@email.com
C0534,Nada Mohamed,Female,20.0,Female,Nada@hotmail.com
C0535,Karim Samir,Male,60.0,Male,KSamir@email.com
C0536,Youssef Emad,Male,41.0,Male,YoussefEmad@outlook.com
C0537,Maha Khalid,Female,44.0,Female,MKhalid@email.com
C0538,Youssef Mahmoud,Male,56.0,Male,Youssef@hotmail.com
C0539,Rami Gamal,Male,57.0,Male,RamiGamal@outlook.com
C0540,Hassan Ali,Male,47.0,Male,Hassan_Ali@yahoo.com
C0541,Samar Hani,Female,18.0,Female,Samar@hotmail.com
C0542,Sara Hassan,Female,39.0,Female,Sara.Hassan@gmail.com
C0543,Fadi Ayman,Male,20.0,Male,FadiAyman@outlook.com
C0544,Nasser Ayman,Male,71.0,Male,NasserAThotmail.com
C0545,Asma Wael,Female,22.0,Female,Asma.Wael@gmail.com
C0546,Iman Fathy,Female,25.0,Female,Iman@hotmail.com
C0547,Mahmoud Tarek,Male,37.0,Male,Mahmoud.Tarek@gmail.com
C0548,Lama Ali,Female,75.0,Female,LamaAli@outlook.com
C0549,Maha Hassan,Female,51.0,Female,Maha.Hassan@gmail.com
C0550,Asma Mohamed,Female,56.0,Female,Asma.Mohamed@gmail.com
C0551,Hadeel Hussein,Female,31.0,Female,Hadeel@hotmail.com
C0552,Lina Khalid,Female,57.0,Female,LKhalid@email.com
C0553,Khalid Reda,Male,22.0,Male,KReda@email.com
C0554,Omar Fathy,Male,45.0,Male,OFathy@email.com
C0555,Yasmin Essam,Female,66.0,Female,YasminEssam@outlook.com
C0556,Omar Tarek,Male,59.0,Male,Omar_Tarek@yahoo.com
C0557,Nada Fathy,Female,60.0,Female,Nada@hotmail.com
C0558,Hind Magdy,Female,67.0,Female,HMagdy@email.com
C0559,Joud Elmasry,Female,52.0,Female,Joud_Elmasry@yahoo.com
C0560,Yasmin Youssef,Female,55.0,Female,YYoussef@email.com
C0561,Youssef Kamal,Male,54.0,Male,YKamal@email.com
C0562,Heba Elmasry,Female,61.0,Female,HebaElmasry@outlook.com
C0563,Mariam Wael,Female,66.0,Female,
C0564,Samar Hussein,Female,54.0,Female,Samar@hotmail.com
C0565,Hamza Mamdouh,Male,40.0,Male,HMamdouh@email.com
C0566,Nada Wael,F,21.0,F,Nada@hotmail.com
C0567,Rasha Fathy,Female,63.0,Female,RFathy@email.com
C0568,Jihad Ayman,Male,44.0,Male,Jihad_Ayman@yahoo.com
INVALID,Jihad Ayman,Male,44.0,Male,Jihad_Ayman@yahoo.com
C0569,Fadi Samir,Male,26.0,Male,FadiSamir@outlook.com
C0570,Rami Said,Male,45.0,Male,Rami@hotmail.com
C0570,Rami Said,Male,45.0,Male,Rami@hotmail.com
C0571,Nisreen Omar,Female,35.0,Female,Nisreen@hotmail.com
C0572,Rasha Mahmoud,Female,23.0,Female,Rasha@hotmail.com
C0573,Reem Nabil,Female,60.0,Female,RNabil@email.com
C0574,Fadi Tarek,Male,48.0,Male,Fadi@hotmail.com
C0575,Asma Ashraf,Female,64.0,Female,AsmaAshraf@outlook.com
C0576,Nisreen Ashraf,Female,,Female,Nisreen.Ashraf@gmail.com
C0577,Maha Khalid,Female,,Female,MKhalid@email.com
C0578,Batoul Adel,Female,29.0,Female,Batoul@hotmail.com
C0579,Jihad Mahmoud,Male,44.0,Male,JihadMahmoud@outlook.com
C0580,Mohamed Nabil,Male,70.0,Male,MohamedNabil@outlook.com
C0581,Amir Fathy,Male,42.0,Male,AMIRFATHY@OUTLOOK.COM
C0582,Leila Abdelrahman,Female,61.0,Female,LAbdelrahman@email.com
C0583,Samer Khalid,Male,35.0,Male,SKhalid@email.com
C0584,Ziad Emad,Male,39.0,Male,Ziad@hotmail.com
C0585,Nour Elsayed,Female,46.0,Female,Nour@hotmail.com
C0586,Bilal Wael,Male,56.0,Male,Bilal.Wael@gmail.com
C0587,Hussein Reda,Male,29.0,Male,Hussein@hotmail.com
C0588,Dina Emad,Female,75.0,Female,Dina@hotmail.com
C0589,Yasmin Mohamed,Female,70.0,Female,YasminMohamed@outlook.com
C0590,Omar Ahmed,Male,45.0,Male,OmarAhmed@outlook.com
C0591,Adam Emad,Male,75.0,Male,Adam.Emad@gmail.com
C0592,Ibrahim Fathy,Male,50.0,Male,IbrahimFathy@outlook.com
C0593,Marwan Omar,Male,,Male,MarwanOmar@outlook.com
C0594,Salma Fathy,Female,59.0,Female,Salma@hotmail.com
C0595,Karim Shawky,Male,,Male,KarimShawky@outlook.com
C0596,Joud Tarek,Female,26.0,Female,
C0597,Heba Elmasry,Female,59.0,Female,HebaElmasryAToutlook.com
C0598,Nisreen Mohamed,Female,31.0,Female,NisreenMohamed@outlook.com
C0599,Amir Ayman,Male,65.0,Male,AmirAyman@outlook.com
C0600,Ahmed Said,Male,75.0,Male,AhmedSaid@outlook.com
C0601,Omar Mahmoud,Male,57.0,Male,OmarMahmoud@outlook.com
C0602,Nour Samir,Female,26.0,Female,Nour_Samir@yahoo.com
C0603,Mariam Emad,Female,62.0,Female,Mariam_Emad@yahoo.com
C0604,Rami Fathy,Male,19.0,Male,Rami.Fathy@gmail.com
C0605,Nasser Adel,Male,67.0,Male,Nasser_Adel@yahoo.com
C0606,Rami Adel,Male,,Male,Rami.Adel@gmail.com
C0607,Rania Youssef,Female,51.0,Female,RYoussef@email.com
C0608,Fatima Youssef,Female,27.0,Female,FatimaYoussef@outlook.com
C0609,Nada Hussein,Female,34.0,Female,NadaHussein@outlook.com
C0610,Batoul Ali,Female,25.0,Female,BatoulAli@outlook.com
C0611,Tarek Omar,Male,38.0,Male,TarekOmar@outlook.com
C0612,Reem Mohamed,Female,27.0,Female,Reem_Mohamed@yahoo.com
C0613,Adam Youssef,Male,20.0,Male,Adam_Youssef@yahoo.com
C0614,Amir Wael,Male,28.0,Male,AWael@email.com
C0615,Mona Magdy,Female,73.0,Female,MonaMagdy@outlook.com
C0616,Yasmin Mamdouh,Female,75.0,Female,YMamdouh@email.com
C0617,Nizar Emad,Male,45.0,Male,Nizar.Emad@gmail.com
C0618,Nisreen Mamdouh,Female,26.0,Female,NISREEN.MAMDOUH@GMAIL.COM
C0619,Hind Magdy,F,55.0,F,Hind_Magdy@yahoo.com
C0620,Hind Adel,Female,73.0,Female,Hind@hotmail.com
C0621,Rami Shawky,Male,31.0,Male,Rami@hotmail.com
C0622,Ibrahim Mohamed,Male,41.0,Male,
C0623,Tamer Elmasry,Male,67.0,Male,Tamer_Elmasry@yahoo.com
C0624,Samer Adel,Male,65.0,Male,Samer@hotmail.com
C0625,Hind Mahmoud,Female,71.0,Female,HMahmoud@email.com
C0626,Tamer Hani,Male,74.0,Male,TamerHani@outlook.com
C0627,Youssef Hassan,Male,25.0,Male,Youssef_Hassan@yahoo.com
C0628,Marwan Ayman,Male,40.0,Male,Marwan.Ayman@gmail.com
C0629,Lama Nabil,Female,55.0,Female,Lama@hotmail.com
C0630,Samir Hussein,Male,75.0,Male,Samir@hotmail.com
C0631,Ali Gamal,Male,28.0,Male,AGamal@email.com
C0632,Bilal Hani,Male,33.0,Male,BHani@email.com
C0633,Mohamed Samir,Male,40.0,Male,Mohamed_Samir@yahoo.com
C0634,Wael Ahmed,Male,38.0,Male,WAhmed@email.com
C0635,Salma Emad,Female,54.0,Female,SalmaEmad@outlook.com
C0636,Leila Shawky,Female,19.0,Female,LeilaShawky@outlook.com
C0637,Lama Omar,Female,67.0,Female,
C0638,Leila Elmasry,Female,43.0,Female,LElmasry@email.com
C0639,Samira Magdy,Female,42.0,Female,Samira@hotmail.com
C0640,Ghada Tarek,Female,44.0,Female,GhadaTarek@outlook.com
C0641,Ali Youssef,Male,73.0,Male,AYoussef@email.com
C0642,Nasser Said,Male,63.0,Male,Nasser_Said@yahoo.com
C0643,Farah Hussein,Female,37.0,Female,FARAH_HUSSEIN@YAHOO.COM
C0643,Farah Hussein,Female,37.0,Female,FARAH_HUSSEIN@YAHOO.COM
C0644,Joud Essam,Female,25.0,Female,JoudEssam@outlook.com
C0645,Hadeel Khalid,Female,22.0,Female,HadeelKhalid@outlook.com
C0646,Samira Essam,Female,50.0,Female,
C0647,Ali Abdelrahman,Male,62.0,Male,Ali@hotmail.com
C0648,Salma Elsayed,Female,22.0,Female,Salma_Elsayed@yahoo.com
C0649,Yasmin Essam,Female,69.0,Female,Yasmin@hotmail.com
C0650,Lama Hussein,Female,49.0,Female,Lama_Hussein@yahoo.com
C0651,Ghada Shawky,Female,71.0,Female,GShawky@email.com
C0652,Omar Essam,Male,19.0,Male,Omar@hotmail.com
C0653,Tarek Said,Male,19.0,Male,Tarek_Said@yahoo.com
C0654,Mariam Elmasry,Female,66.0,Female,MariamElmasry@outlook.com
C0655,Bassel Reda,Male,25.0,Male,
C0656,Nour Hani,Female,56.0,Female,Nour_Hani@yahoo.com
C0657,Adam Reda,Male,28.0,Male,AReda@email.com
C0658,Ahmed Elsayed,Male,30.0,Male,AELSAYED@EMAIL.COM
C0659,Hamza Elsayed,Male,48.0,Male,HamzaElsayed@outlook.com
C0660,Nasser Youssef,Male,44.0,Male,Nasser.Youssef@gmail.com
C0661,Salma Shawky,Female,23.0,Female,Salma@hotmail.com
C0662,Amir Shawky,Male,72.0,Male,AmirShawky@outlook.com
C0662,Amir Shawky,Male,72.0,Male,AmirShawky@outlook.com
C0663,Bilal Hassan,Male,51.0,Male,Bilal_Hassan@yahoo.com
C0664,Ibrahim Said,Male,30.0,Male,IbrahimSaid@outlook.com
C0665,Samira Emad,Female,35.0,Female,SamiraEmad@outlook.com
C0666,Bassel Khalid,Male,47.0,Male,BasselKhalid@outlook.com
C0667,Jihad Elmasry,Male,19.0,Male,Jihad@hotmail.com
C0668,Hadeel Elsayed,Female,68.0,Female,HadeelElsayed@outlook.com
C0669,Marwan Ali,Male,20.0,Male,Marwan.Ali@gmail.com
C0670,Fatima Said,Female,73.0,Female,Fatima_Said@yahoo.com
C0671,Nour Reda,Female,60.0,Female,NourReda@outlook.com
C0672,Reem Reda,Female,57.0,Female,Reem@hotmail.com
C0673,Mahmoud Hani,Male,19.0,Male,MahmoudHani@outlook.com
C0674,Leila Omar,Female,59.0,Female,Leila.Omar@gmail.com
C0675,Mohamed Tarek,Male,45.0,Male,MOHAMED@HOTMAIL.COM
C0676,Yasmin Fathy,Female,38.0,Female,Yasmin.Fathy@gmail.com
C0677,Bilal Abdelrahman,Male,37.0,Male,BilalAbdelrahman@outlook.com
C0678,Hassan Hussein,Male,37.0,Male,Hassan_Hussein@yahoo.com
C0679,Ziad Abdelrahman,Male,54.0,Male,Ziad_Abdelrahman@yahoo.com
C0680,Khalid Mamdouh,Male,38.0,Male,KMamdouh@email.com
C0681,Hussein Adel,Male,29.0,Male,HusseinAdel@outlook.com
C0682,Hamza Mamdouh,Male,64.0,Male,Hamza@hotmail.com
C0683,Samer Mamdouh,Male,73.0,Male,Samer_Mamdouh@yahoo.com
C0684,Leila Ashraf,Female,33.0,Female,Leila_Ashraf@yahoo.com
C0685,Nasser Nabil,Male,30.0,Male,Nasser@hotmail.com
C0686,Mohamed Kamal,Male,19.0,Male,Mohamed@hotmail.com
C0687,Nada Samir,Female,23.0,Female,Nada_Samir@yahoo.com
C0688,Leila Essam,Female,67.0,Female,Leila.Essam@gmail.com
C0689,Rasha Kamal,Female,65.0,Female,Rasha_Kamal@yahoo.com
C0690,Dina Magdy,Female,49.0,Female,Dina.Magdy@gmail.com
C0691,Ibrahim Hani,Male,41.0,Male,IBRAHIM@HOTMAIL.COM
C0692,Jihad Kamal,Male,21.0,Male,Jihad_Kamal@yahoo.com
C0693,Ibrahim Hani,Male,52.0,Male,IBRAHIMHANI@OUTLOOK.COM
C0694,Hamza Khalid,Male,70.0,Male,Hamza_Khalid@yahoo.com
C0695,Nasser Hani,Male,,Male,NasserHani@outlook.com
C0696,Ibrahim Ayman,Male,70.0,Male,Ibrahim.Ayman@gmail.com
C0697,Samir Adel,Male,,Male,SamirAdel@outlook.com
C0698,Tarek Reda,Male,28.0,Male,Tarek_Reda@yahoo.com
C0699,Reem Magdy,Female,34.0,Female,Reem@hotmail.com
C0700,Ghada Fathy,Female,74.0,Female,
C0701,Rami Nabil,Male,23.0,Male,Rami_Nabil@yahoo.com
C0702,Nada Said,F,25.0,F,NadaSaid@outlook.com
C0703,Maha Essam,Female,36.0,Female,MahaEssam@outlook.com
C0704,Leila Youssef,Female,44.0,Female,
C0705,Hind Ayman,Female,55.0,Female,Hind.Ayman@gmail.com
C0706,Hala Adel,Female,45.0,Female,Hala.Adel@gmail.com
C0707,Nada Ashraf,Female,69.0,Female,NADA.ASHRAF@GMAIL.COM
C0708,Heba Samir,Female,75.0,Female,Heba@hotmail.com
C0709,Aya Abdelrahman,Female,45.0,Female,Aya.Abdelrahman@gmail.com
C0710,Nada Ayman,Female,75.0,Female,Nada@hotmail.com
C0711,Fadi Emad,Male,53.0,Male,FadiEmad@outlook.com
C0712,Dina Said,Female,45.0,Female,DinaSaid@outlook.com
C0713,Reem Hassan,Female,73.0,Female,Reem_Hassan@yahoo.com
C0714,Adam Reda,Male,55.0,Male,Adam.Reda@gmail.com
C0715,Hadeel Mahmoud,Female,74.0,Female,Hadeel.Mahmoud@gmail.com
C0716,Ali Ali,Male,71.0,Male,AliAThotmail.com
C0717,Samir Abdelrahman,Male,64.0,Male,Samir_Abdelrahman@yahoo.com
C0718,Fatima Kamal,Female,56.0,Female,Fatima_Kamal@yahoo.com
C0719,Hala Said,Female,43.0,Female,Hala_Said@yahoo.com
C0720,Khalid Wael,Male,26.0,Male,Khalid@hotmail.com
C0721,Rasha Ashraf,Female,66.0,Female,Rasha_Ashraf@yahoo.com
C0722,Hind Samir,Female,61.0,Female,HSamir@email.com
C0723,Asma Hani,Female,27.0,Female,Asma@hotmail.com
C0724,Aya Ayman,Female,,Female,Aya.Ayman@gmail.com
C0725,Rasha Elmasry,Female,19.0,Female,Rasha_Elmasry@yahoo.com
C0726,Samira Hussein,Female,64.0,Female,SHussein@email.com
C0727,Hassan Said,Male,56.0,Male,HassanSaidAToutlook.com
C0728,Reem Tarek,Female,73.0,Female,ReemTarek@outlook.com
C0729,Tamer Samir,Male,37.0,Male,Tamer_SamirATyahoo.com
C0730,Hassan Mahmoud,Male,59.0,Male,HMahmoud@email.com
C0731,Sara Hassan,Female,27.0,Female,SaraHassan@outlook.com
C0732,Rasha Essam,Female,21.0,Female,RashaEssam@outlook.com
C0733,Marwan Hussein,Male,,Male,MHussein@email.com
C0734,Fatima Elsayed,Female,,Female,Fatima@hotmail.com
C0735,Joud Gamal,F,45.0,F,Joud_Gamal@yahoo.com
C0736,Bilal Abdelrahman,Male,72.0,Male,Bilal_Abdelrahman@yahoo.com
C0737,Leila Nabil,Female,68.0,Female,Leila_Nabil@yahoo.com
C0738,Ali Said,Male,56.0,Male,AliSaid@outlook.com
C0739,Ghada Khalid,Female,28.0,Female,GKhalid@email.com
C0740,Omar Shawky,Male,34.0,Male,Omar.Shawky@gmail.com
C0741,Samer Elsayed,Male,24.0,Male,SamerElsayed@outlook.com
C0742,Adel Ashraf,Male,72.0,Male,Adel.Ashraf@gmail.com
C0743,Nada Said,Female,63.0,Female,Nada.Said@gmail.com
C0744,Hala Tarek,Female,67.0,Female,HalaTarek@outlook.com
C0745,Hadeel Mamdouh,Female,60.0,Female,HMamdouh@email.com
C0746,Mona Wael,Female,72.0,Female,Mona.Wael@gmail.com
C0747,Youssef Elmasry,Male,43.0,Male,Youssef.Elmasry@gmail.com
C0748,Rasha Mohamed,Female,63.0,Female,Rasha@hotmail.com
C0749,Nizar Kamal,M,40.0,M,NKamal@email.com
C0750,Ibrahim Shawky,Male,57.0,Male,IbrahimShawky@outlook.com
C0751,Walid Kamal,Male,74.0,Male,Walid@hotmail.com
C0752,Joud Said,Female,,Female,Joud@hotmail.com
C0753,Omar Kamal,Male,41.0,Male,Omar.Kamal@gmail.com
C0754,Nisreen Ali,Female,33.0,Female,NAli@email.com
C0755,Amir Gamal,Male,60.0,Male,Amir_Gamal@yahoo.com
C0756,Rasha Youssef,Female,41.0,Female,RashaYoussef@outlook.com
C0757,Fadi Youssef,Male,41.0,Male,FYoussef@email.com
C0758,Mona Tarek,Female,49.0,Female,Mona_Tarek@yahoo.com
C0759,Samira Elsayed,Female,25.0,Female,Samira.Elsayed@gmail.com
C0760,Rami Magdy,Male,25.0,Male,RMagdy@email.com
C0761,Reem Ali,Female,27.0,Female,Reem@hotmail.com
C0762,Nour Shawky,Female,73.0,Female,Nour@hotmail.com
C0763,Nisreen Essam,Female,66.0,Female,NisreenEssam@outlook.com
C0764,Iman Samir,Female,42.0,Female,ISamir@email.com
C0765,Aya Magdy,Female,19.0,Female,Aya@hotmail.com
C0766,Iman Shawky,Female,21.0,Female,ImanShawkyAToutlook.com
C0767,Ahmed Khalid,Male,33.0,Male,AKhalid@email.com
C0768,Fatima Mahmoud,Female,19.0,Female,Fatima.Mahmoud@gmail.com
C0769,Nour Shawky,Female,27.0,Female,Nour_Shawky@yahoo.com
C0770,Tarek Said,Male,,Male,Tarek@hotmail.com
C0771,Ibrahim Hassan,Male,33.0,Male,IbrahimHassan@outlook.com
C0772,Yasmin Tarek,Female,22.0,Female,Yasmin_TarekATyahoo.com
C0773,Omar Omar,Male,59.0,Male,OmarOmar@outlook.com
C0774,Ali Gamal,Male,28.0,Male,AliGamal@outlook.com
C0775,Jihad Ashraf,M,28.0,M,JihadAshraf@outlook.com
C0776,Jihad Nabil,Male,71.0,Male,
C0777,Khalid Elmasry,Male,25.0,Male,Khalid@hotmail.com
C0778,Ibrahim Samir,Male,58.0,Male,IbrahimSamir@outlook.com
C0779,Iman Abdelrahman,Female,,Female,Iman.AbdelrahmanATgmail.com
C0779,Iman Abdelrahman,Female,,Female,Iman.AbdelrahmanATgmail.com
C0780,Samar Wael,Female,49.0,Female,Samar.Wael@gmail.com
C0781,Nour Gamal,Female,42.0,Female,Nour_Gamal@yahoo.com
C0782,Nada Ayman,Female,18.0,Female,
C0783,Mahmoud Youssef,Male,57.0,Male,Mahmoud_Youssef@yahoo.com
C0784,Ghada Adel,F,31.0,F,GhadaAdel@outlook.com
C0785,Hala Samir,Female,61.0,Female,Hala.Samir@gmail.com
C0786,Samer Omar,Male,64.0,Male,Samer.Omar@gmail.com
C0787,Samar Wael,Female,45.0,Female,Samar.Wael@gmail.com
C0788,Nour Samir,Female,49.0,Female,Nour_Samir@yahoo.com
C0789,Heba Youssef,Female,74.0,Female,
C0790,Nasser Elmasry,Male,30.0,Male,NASSER.ELMASRY@GMAIL.COM
C0791,Batoul Nabil,Female,71.0,Female,Batoul_Nabil@yahoo.com
C0792,Amir Elmasry,Male,57.0,Male,AmirElmasry@outlook.com
C0793,Yasmin Wael,Female,22.0,Female,YasminWael@outlook.com
C0794,Fatima Shawky,Female,72.0,Female,FatimaShawky@outlook.com
C0795,Heba Tarek,Female,74.0,Female,Heba.Tarek@gmail.com
C0796,Iman Adel,Female,68.0,Female,Iman_Adel@yahoo.com
C0797,Samir Said,Male,69.0,Male,SSaid@email.com
C0798,Ghada Shawky,Female,27.0,Female,GhadaAThotmail.com
C0799,Mohamed Omar,Male,71.0,Male,Mohamed@hotmail.com
C0800,Tarek Youssef,Male,62.0,Male,Tarek@hotmail.com
